url,language,speaker_id,domain,gender,location,duration,age
https://www.youtube.com/watch?v=9762cYwJ774,Nepali,Null,Agriculture,Male,kathmandu,01:42:36,Null
https://www.youtube.com/watch?v=L5dSvMK3pEw,Nepali,Null,Agriculture,Male,kathmandu,01:10:45,Null
https://www.youtube.com/watch?v=qqR9fTMXJoM,Nepali,Null,Agriculture,Male,kathmandu,01:30:59,Null
https://www.youtube.com/watch?v=pPL4KH8gVOY,Nepali,Null,Agriculture,Male,kathmandu,00:55:41,Null
https://www.youtube.com/watch?v=8LlswHM2SFA,Nepali,Null,Agriculture,Male,kathmandu,00:55:35,Null
https://www.youtube.com/watch?v=5HUwmWhEt6M,Nepali,Null,Agriculture,Male,kathmandu,00:50:40,Null
https://www.youtube.com/watch?v=YiktrpdQ8hg,Nepali,Null,Agriculture,Male,kathmandu,00:55:47,Null
https://www.youtube.com/watch?v=5IbbhWeu0is,Nepali,Null,Agriculture,Male,kathmandu,01:05:21,Null
https://www.youtube.com/watch?v=dMnp6fpi-7M,Nepali,Null,Agriculture,Male,kathmandu,01:16:45,Null
https://www.youtube.com/watch?v=N-vAqQNr0mE,Nepali,Null,Agriculture,Male,kathmandu,00:59:52,Null
https://www.youtube.com/watch?v=hPoCjzHaOLE,Nepali,Null,Agriculture,Male,kathmandu,00:45:48,Null
https://www.youtube.com/watch?v=APKfEKLWEMg,Nepali,Null,Agriculture,Male,kathmandu,00:49:47,Null
https://www.youtube.com/watch?v=PsoFrmBFGdg,Nepali,Null,Finance,Null,kathmandu,00:46:33,Null
https://www.youtube.com/watch?v=NS8H7J2JkjE,Nepali,Null,Finance,Null,kathmandu,00:02:03,Null
https://www.youtube.com/watch?v=RBppiwGUJkE,Nepali,Null,Finance,Null,kathmandu,00:48:59,Null
https://www.youtube.com/watch?v=TAE47m-oqPY,Nepali,Null,Finance,Null,kathmandu,00:01:09,Null
https://www.youtube.com/watch?v=hFSiRb9nBgU,Nepali,Null,Finance,Null,kathmandu,00:01:59,Null
https://www.youtube.com/watch?v=qfFNE1ISfiU,Nepali,Null,Finance,Null,kathmandu,00:47:14,Null
https://www.youtube.com/watch?v=ZqRZEnuCprE,Nepali,Null,Finance,Null,kathmandu,00:00:33,Null
https://www.youtube.com/watch?v=lcwOgEC8Y34,Nepali,Null,Finance,Null,kathmandu,00:49:35,Null
https://www.youtube.com/watch?v=F7EJyeS_RK0,Nepali,Null,Finance,Null,kathmandu,00:46:08,Null
https://www.youtube.com/watch?v=YFQ2bsVbBGE,Nepali,Null,Finance,Null,kathmandu,00:01:01,Null
https://www.youtube.com/watch?v=863k_7ftT8k,Nepali,Null,Finance,Null,kathmandu,00:47:36,Null
https://www.youtube.com/watch?v=7XfvYr042GE,Nepali,Null,Finance,Null,kathmandu,00:01:13,Null
https://www.youtube.com/watch?v=-el8gJuqoMk,Nepali,Null,Finance,Null,kathmandu,00:01:21,Null
https://www.youtube.com/watch?v=IM9-aiYVQpw,Nepali,Null,Finance,Null,kathmandu,00:40:46,Null
https://www.youtube.com/watch?v=cMtZktlE3YU,Nepali,Null,Finance,Null,kathmandu,00:00:38,Null
https://www.youtube.com/watch?v=57x69E73kr0,Nepali,Null,Finance,Null,kathmandu,00:44:51,Null
https://www.youtube.com/watch?v=pCb1fE_gOpY,Nepali,Null,Finance,Null,kathmandu,00:01:29,Null
https://www.youtube.com/watch?v=di6VIctgNy0,Nepali,Null,Finance,Null,kathmandu,00:44:31,Null
https://www.youtube.com/watch?v=D5SfE51WtPE,Nepali,Null,Finance,Null,kathmandu,00:26:47,Null
https://www.youtube.com/watch?v=IC_csXNY20E,Nepali,Null,Health,Female,kathmandu,00:25:02,Null
https://www.youtube.com/watch?v=9oedT2Jm3fg,Nepali,Null,Health,Female,kathmandu,00:14:57,Null
https://www.youtube.com/watch?v=c2AJtlaVFd0,Nepali,Null,Health,Female,kathmandu,00:26:43,Null
https://www.youtube.com/watch?v=YATNU_M1zMY,Nepali,Null,Health,Female,kathmandu,00:49:31,Null
https://www.youtube.com/watch?v=0r2ggl5YoL8,Nepali,Null,Health,Female,kathmandu,00:25:36,Null
https://www.youtube.com/watch?v=yk6b7Vd4APk,Nepali,Null,Health,Female,kathmandu,00:34:45,Null
https://www.youtube.com/watch?v=EIcZpGC6fU0,Nepali,Null,Health,Female,kathmandu,00:12:39,Null
https://www.youtube.com/watch?v=l2JuaTJlI4A,Nepali,Null,Health,Female,kathmandu,00:14:17,Null
https://www.youtube.com/watch?v=Qw9my7SCH6g,Nepali,Null,Agriculture,Male,terai,00:58:50,Null
https://www.youtube.com/watch?v=ByYzs6VkNdw,Nepali,Null,Agriculture,Male,terai,01:09:46,Null
https://www.youtube.com/watch?v=ByYzs6VkNdw,Nepali,Null,Agriculture,Male,terai,01:09:46,Null
https://www.youtube.com/watch?v=nrvBblJHFA8,Nepali,Null,Agriculture,Male,terai,00:51:38,Null
https://www.youtube.com/watch?v=UuCM3zcvTKg,Nepali,Null,Agriculture,Male,terai,00:58:34,Null
https://www.youtube.com/watch?v=veriMeHgv4w,Nepali,Null,Agriculture,Male,terai,00:36:30,Null
https://www.youtube.com/watch?v=oIApEru73o8,Nepali,Null,Agriculture,Male,terai,00:44:50,Null
https://www.youtube.com/watch?v=FTHYhquLD-g,Nepali,Null,Agriculture,Male,terai,00:50:54,Null
https://www.youtube.com/watch?v=57Dl_iMjNEA,Nepali,Null,Agriculture,Male,terai,00:52:21,Null
https://www.youtube.com/watch?v=t-0ZNALdCQE,Nepali,Null,Agriculture,Male,terai,00:52:37,Null
https://www.youtube.com/watch?v=IjLxitnHLOo,Nepali,Null,Agriculture,Male,terai,01:05:44,Null
https://www.youtube.com/watch?v=qaGTMXZ4swQ,Nepali,Null,Agriculture,Male,terai,00:50:40,Null
https://www.youtube.com/watch?v=PSaQ3_vx5RI,Nepali,Null,Agriculture,Male,terai,00:56:18,Null
https://www.youtube.com/watch?v=UR4ggrLoyNg,Nepali,Null,Agriculture,Null,kathmandu,00:27:23,Null
https://www.youtube.com/watch?v=QrE99YEuXjA,Nepali,Null,Agriculture,Null,kathmandu,00:24:50,Null
https://www.youtube.com/watch?v=1CvYvuIK29M,Nepali,Null,Agriculture,Null,kathmandu,00:24:42,Null
https://www.youtube.com/watch?v=12yBlGbCokc,Nepali,Null,Agriculture,Null,kathmandu,00:18:03,Null
https://www.youtube.com/watch?v=8pyD0q0O0bc,Nepali,Null,Finance,Male,kathmandu,00:28:27,Null
https://www.youtube.com/watch?v=XRdRkKhUMyk,Nepali,Null,Finance,Male,kathmandu,00:32:21,Null
https://www.youtube.com/watch?v=12HjJ1CWX9Q,Nepali,Null,Finance,Male,kathmandu,00:19:18,Null
https://www.youtube.com/watch?v=6CO6BCyBBb0,Nepali,Null,Finance,Male,kathmandu,00:15:13,Null
https://www.youtube.com/watch?v=e1aOCeNbeXA,Nepali,Null,Finance,Male,kathmandu,00:21:29,Null
https://www.youtube.com/watch?v=9YfrhFwDiQg,Nepali,Null,Finance,Male,kathmandu,00:26:06,Null
https://www.youtube.com/watch?v=kD0Y66sWVqc,Nepali,Null,Finance,Male,kathmandu,00:30:58,Null
https://www.youtube.com/watch?v=tYDdf00-UM4,Nepali,Null,Finance,Male,kathmandu,00:39:03,Null
https://www.youtube.com/watch?v=MbFADp0tnQI,Nepali,Null,Finance,Male,kathmandu,00:36:16,Null
https://www.youtube.com/watch?v=Il7EIOTP8bE,Nepali,Null,Finance,Male,kathmandu,00:30:25,Null
https://www.youtube.com/watch?v=p14MEfWtGn0,Nepali,Null,Finance,Male,kathmandu,00:35:03,Null
https://www.youtube.com/watch?v=GaOPaESW_Ac,Nepali,Null,Finance,Male,kathmandu,00:36:10,Null
https://www.youtube.com/watch?v=c_X73FqbsVw,Nepali,Null,Finance,Male,kathmandu,00:30:29,Null
https://www.youtube.com/watch?v=ZkmhQepifNQ,Nepali,Null,Finance,Male,kathmandu,00:30:20,Null
https://www.youtube.com/watch?v=mkgGW7C24c8,Nepali,Null,Finance,Male,kathmandu,00:25:37,Null
https://www.youtube.com/watch?v=RQOE2rcywnE,Nepali,Null,Finance,Male,kathmandu,00:25:40,Null
https://www.youtube.com/watch?v=iRREj39Oi3A,Nepali,Null,Finance,Male,kathmandu,00:24:27,Null
https://www.youtube.com/watch?v=60sItGm2CFM,Nepali,Null,Finance,Male,kathmandu,00:34:04,Null
https://www.youtube.com/watch?v=BI8SwGahfnk,Nepali,Null,Finance,Male,kathmandu,00:57:36,Null
https://www.youtube.com/watch?v=diLmgvyJqG0,Nepali,Null,Finance,Male,kathmandu,00:32:48,Null
https://www.youtube.com/watch?v=T2p9zDsb8FE,Nepali,Null,Finance,Male,kathmandu,00:38:32,Null
https://www.youtube.com/watch?v=1_cx9_60_9g,Nepali,Null,Finance,Male,kathmandu,00:31:49,Null
https://www.youtube.com/watch?v=2ojPtShwOv4,Nepali,Null,Finance,Male,kathmandu,00:28:38,Null
https://www.youtube.com/watch?v=ca3p29t2E-E,Nepali,Null,Finance,Male,kathmandu,00:43:55,Null
https://www.youtube.com/watch?v=O4HVKTMTV0Y,Nepali,Null,Finance,Male,kathmandu,00:34:50,Null
https://www.youtube.com/watch?v=sPcn0U4_0JA,Nepali,Null,Finance,Male,kathmandu,00:35:38,Null
https://www.youtube.com/watch?v=rZD5CTM_Lag,Nepali,Null,Finance,Male,kathmandu,00:37:38,Null
https://www.youtube.com/watch?v=IwxtWULc8Dw,Nepali,Null,Finance,Male,kathmandu,00:53:26,Null
https://www.youtube.com/watch?v=1nk7CICGe5s,Nepali,Null,Finance,Male,kathmandu,00:45:13,Null
https://www.youtube.com/watch?v=XC2HH-RPO1E,Nepali,Null,Finance,Male,kathmandu,00:44:53,Null
https://www.youtube.com/watch?v=RqyuiffBh9Q,Nepali,Null,Finance,Male,kathmandu,00:40:30,Null
https://www.youtube.com/watch?v=rQyrN8CVWJo,Nepali,Null,Finance,Male,kathmandu,00:42:17,Null
https://www.youtube.com/watch?v=jxqmfrdI_SM,Nepali,Null,Finance,Male,kathmandu,00:39:52,Null
https://www.youtube.com/watch?v=TcCpsrCIOB0,Nepali,Null,Finance,Male,kathmandu,00:37:38,Null
https://www.youtube.com/watch?v=QL4y472y_No,Nepali,Null,Finance,Male,kathmandu,00:33:55,Null
https://www.youtube.com/watch?v=9gRcWzZJl7I,Nepali,Null,Finance,Male,kathmandu,00:35:34,Null
https://www.youtube.com/watch?v=5ypAlvuyNnw,Nepali,Null,Finance,Male,kathmandu,00:34:27,Null
https://www.youtube.com/watch?v=67zP9nvlhAA,Nepali,Null,Finance,Female,kathmandu,00:30:49,Null
https://www.youtube.com/watch?v=bfrHmrBY358,Nepali,Null,Finance,Male,kathmandu,00:33:13,Null
https://www.youtube.com/watch?v=UJHHqU2ubP0,Nepali,Null,Finance,Male,kathmandu,00:36:03,Null
https://www.youtube.com/watch?v=KRJPEJmlGMM,Nepali,Null,Finance,Male,kathmandu,00:36:03,Null
https://www.youtube.com/watch?v=N2_D0s4K0tE,Nepali,Null,Finance,Male,kathmandu,00:42:33,Null
https://www.youtube.com/watch?v=bw10oat-zwI,Nepali,Null,Finance,Male,kathmandu,00:35:37,Null
https://www.youtube.com/watch?v=d-kKT0VT2RM,Nepali,Null,Finance,Male,kathmandu,00:42:33,Null
https://www.youtube.com/watch?v=uFiACN1kgWA,Nepali,Null,Finance,Male,kathmandu,00:43:20,Null
https://www.youtube.com/watch?v=074Up24lNP4,Nepali,Null,Finance,Male,kathmandu,00:27:39,Null
https://www.youtube.com/watch?v=Ca9yH0QGBug,Nepali,Null,Finance,Male,kathmandu,00:35:13,Null
https://www.youtube.com/watch?v=FWEUa816oIg,Nepali,Null,Finance,Male,kathmandu,00:31:46,Null
https://www.youtube.com/watch?v=S_fJMViqijc,Nepali,Null,Finance,Male,kathmandu,00:47:48,Null
https://www.youtube.com/watch?v=9R4SRlyvmvI,Nepali,Null,Finance,Male,kathmandu,00:35:02,Null
https://www.youtube.com/watch?v=k95ZPN9XG0o,Nepali,Null,Finance,Male,kathmandu,00:52:58,Null
https://www.youtube.com/watch?v=kjkOoi6iHVQ,Nepali,Null,Finance,Male,kathmandu,00:37:25,Null
https://www.youtube.com/watch?v=uePU72GYuh8,Nepali,Null,Finance,Male,kathmandu,00:35:46,Null
https://www.youtube.com/watch?v=g3R5_7H_Fu4,Nepali,Null,Finance,Male,kathmandu,00:28:32,Null
https://www.youtube.com/watch?v=ht-_xMNsCeo,Nepali,Null,Finance,Male,kathmandu,00:39:32,Null
https://www.youtube.com/watch?v=99aiuIOwJg8,Nepali,Null,Finance,Male,kathmandu,00:22:47,Null
https://www.youtube.com/watch?v=QCFFrTmntXA,Nepali,Null,Finance,Male,kathmandu,00:41:19,Null
https://www.youtube.com/watch?v=g2oachkL09k,Nepali,Null,Finance,Male,kathmandu,00:57:43,Null
https://www.youtube.com/watch?v=4QOOedh74hg,Nepali,Null,Finance,Male,kathmandu,01:13:08,Null
https://www.youtube.com/watch?v=yrUQz2sUE1Y,Nepali,Null,Finance,Male,kathmandu,01:01:19,Null
https://www.youtube.com/watch?v=ck6oEEbeCqU,Nepali,Null,Finance,Male,kathmandu,00:41:48,Null
https://www.youtube.com/watch?v=eJTlbQPhAUQ,Nepali,Null,Finance,Male,kathmandu,00:47:34,Null
https://www.youtube.com/watch?v=cl15MyneGjg,Nepali,Null,Finance,Male,kathmandu,00:54:03,Null
https://www.youtube.com/watch?v=pjJ1LCFtNAs,Nepali,Null,Finance,Male,kathmandu,00:42:13,Null
https://www.youtube.com/watch?v=3LFBothodJ0,Nepali,Null,Finance,Male,kathmandu,00:39:38,Null
https://www.youtube.com/watch?v=_HJ37fy6Reo,Nepali,Null,Finance,Male,kathmandu,00:29:27,Null
https://www.youtube.com/watch?v=m3U2r98xMYY,Nepali,Null,Finance,Male,kathmandu,00:17:34,Null
https://www.youtube.com/watch?v=Jgclq_SGhVA,Nepali,Null,Finance,Male,kathmandu,01:33:22,Null
https://www.youtube.com/watch?v=WL35HZ0EfUc,Nepali,Null,Finance,Male,kathmandu,00:23:41,Null
https://www.youtube.com/watch?v=X7emHw4V9XY,Nepali,Null,Finance,Male,kathmandu,00:45:44,Null
https://www.youtube.com/watch?v=QMdI3lSH-uI,Nepali,Null,Finance,Male,kathmandu,01:25:18,Null
https://www.youtube.com/watch?v=atuNOs3GRAY,Nepali,Null,Finance,Female,kathmandu,00:32:17,Null
https://www.youtube.com/watch?v=iOYvmclZvQY,Nepali,Null,Finance,Male,kathmandu,00:36:37,Null
https://www.youtube.com/watch?v=alrJZiYI-xk,Nepali,Null,Finance,Male,kathmandu,00:24:02,Null
https://www.youtube.com/watch?v=Wa3iDhfB5l4,Nepali,Null,Finance,Male,kathmandu,00:34:07,Null
https://www.youtube.com/watch?v=wJ-Dfpi4PFU,Nepali,Null,Agriculture,Male,kathmandu,00:02:52,Null
https://www.youtube.com/watch?v=0pugxQTYjGo,Nepali,Null,Agriculture,Male,kathmandu,00:01:04,Null
https://www.youtube.com/watch?v=UqTvBwJ5jY4,Nepali,Null,Agriculture,Male,kathmandu,00:21:29,Null
https://www.youtube.com/watch?v=GxdYjuTn8AM,Nepali,Null,Agriculture,Male,kathmandu,00:18:30,Null
https://www.youtube.com/watch?v=JECg_baUruw,Nepali,Null,Agriculture,Male,kathmandu,00:20:46,Null
https://www.youtube.com/watch?v=bUv31yfECMc,Nepali,Null,Agriculture,Male,kathmandu,00:14:21,Null
https://www.youtube.com/watch?v=equE2ok_ncI,Nepali,Null,Agriculture,Male,kathmandu,00:19:46,Null
https://www.youtube.com/watch?v=SksDYzVDgj8,Nepali,Null,Agriculture,Male,kathmandu,00:18:32,Null
https://www.youtube.com/watch?v=FR2msUcNqzM,Nepali,Null,Agriculture,Male,kathmandu,00:08:46,Null
https://www.youtube.com/watch?v=1zwPnnKdu0Y,Nepali,Null,Agriculture,Male,kathmandu,00:21:13,Null
https://www.youtube.com/watch?v=CdTpF5tPplA,Nepali,Null,Agriculture,Male,kathmandu,00:22:07,Null
https://www.youtube.com/watch?v=n-BJO7GVrsE,Nepali,Null,Agriculture,Male,kathmandu,00:20:33,Null
https://www.youtube.com/watch?v=pp1J16A4wXw,Nepali,Null,Agriculture,Male,kathmandu,00:21:40,Null
https://www.youtube.com/watch?v=Dz56YGK2-Xo,Nepali,Null,Agriculture,Male,kathmandu,00:19:20,Null
https://www.youtube.com/watch?v=wvhnt7nO5XI,Nepali,Null,Agriculture,Male,kathmandu,00:27:56,Null
https://www.youtube.com/watch?v=jEoKQztmETc,Nepali,Null,Finance,Null,kathmandu,02:18:42,Null
https://www.youtube.com/watch?v=Sn-1Fvd59WE,Nepali,Null,Finance,Null,kathmandu,02:25:23,Null
https://www.youtube.com/watch?v=Uwz2ER6hENs,Nepali,Null,Finance,Null,kathmandu,03:02:56,Null
https://www.youtube.com/watch?v=A2ywWexf2v8,Nepali,Null,Finance,Null,kathmandu,02:12:53,Null
https://www.youtube.com/watch?v=pGkEHaCm1nM,Nepali,Null,Finance,Null,kathmandu,02:16:30,Null
https://www.youtube.com/watch?v=_E28SKoAyIc,Nepali,Null,Finance,Null,kathmandu,01:58:40,Null
https://www.youtube.com/watch?v=IwWPUL8MHi8,Nepali,Null,Finance,Null,kathmandu,02:13:17,Null
https://www.youtube.com/watch?v=bjuwYNNJG7w,Nepali,Null,Finance,Null,kathmandu,01:44:26,Null
https://www.youtube.com/watch?v=EMO2foW-QoA,Nepali,Null,Finance,Null,kathmandu,02:08:37,Null
https://www.youtube.com/watch?v=nEZm14CsIlg,Nepali,Null,Finance,Male,kathmandu,00:16:32,Null
https://www.youtube.com/watch?v=g84x5k46638,Nepali,Null,Finance,Male,kathmandu,00:18:49,Null
https://www.youtube.com/watch?v=ci2tIeLHzV8,Nepali,Null,Finance,Male,kathmandu,00:16:12,Null
https://www.youtube.com/watch?v=FEfIAPXULw8,Nepali,Null,Finance,Male,kathmandu,00:14:33,Null
https://www.youtube.com/watch?v=WcbDAfJ5mL8,Nepali,Null,Finance,Male,kathmandu,00:22:00,Null
https://www.youtube.com/watch?v=pt12LhdbW6E,Nepali,Null,Finance,Male,kathmandu,00:23:02,Null
https://www.youtube.com/watch?v=6t-FDGymUws,Nepali,Null,Finance,Male,kathmandu,00:23:13,Null
https://www.youtube.com/watch?v=E7IsuH2LVYc,Nepali,Null,Finance,Male,kathmandu,00:21:58,Null
https://www.youtube.com/watch?v=QC32_LVABvs,Nepali,Null,Finance,Male,kathmandu,00:20:01,Null
https://www.youtube.com/watch?v=NYyODjHr7aE,Nepali,Null,Finance,Male,kathmandu,00:15:08,Null
https://www.youtube.com/watch?v=K8TPyGEMykw,Nepali,Null,Finance,Male,kathmandu,00:21:45,Null
https://www.youtube.com/watch?v=6DyfZCtAnX4,Nepali,Null,Finance,Male,kathmandu,00:19:16,Null
https://www.youtube.com/watch?v=GldMbMe94N8,Nepali,Null,Finance,Male,kathmandu,00:24:57,Null
https://www.youtube.com/watch?v=KckLzs8Cmy4,Nepali,Null,Finance,Male,kathmandu,00:17:20,Null
https://www.youtube.com/watch?v=iZr4r42Oa64,Nepali,Null,Finance,Male,kathmandu,00:14:43,Null
https://www.youtube.com/watch?v=kFS2M_pmOwU,Nepali,Null,Finance,Male,kathmandu,00:15:27,Null
https://www.youtube.com/watch?v=bWTEkhGRigw,Nepali,Null,Finance,Male,kathmandu,00:24:44,Null
https://www.youtube.com/watch?v=LVislRRyDrg,Nepali,Null,Finance,Male,kathmandu,00:14:18,Null
https://www.youtube.com/watch?v=evmnqmR4yuc,Nepali,Null,Finance,Male,kathmandu,00:12:05,Null
https://www.youtube.com/watch?v=8jqaqy27by8,Nepali,Null,Finance,Male,kathmandu,00:09:32,Null
https://www.youtube.com/watch?v=Ld6D5hAV8qE,Nepali,Null,Finance,Male,kathmandu,00:10:03,Null
https://www.youtube.com/watch?v=_ZFUMnMzVuY,Nepali,Null,Finance,Male,kathmandu,00:00:59,Null
https://www.youtube.com/watch?v=T45QCzdvWH4,Nepali,Null,Finance,Male,kathmandu,00:17:47,Null
https://www.youtube.com/watch?v=DoRPDeAcZR8,Nepali,Null,Finance,Male,kathmandu,00:07:38,Null
https://www.youtube.com/watch?v=ji1WaoIYjEM,Nepali,Null,Finance,Male,kathmandu,00:06:28,Null
https://www.youtube.com/watch?v=Ytj2kdLu7PA,Nepali,Null,Finance,Male,kathmandu,00:04:28,Null
https://www.youtube.com/watch?v=CDI1NOmSohQ,Nepali,Null,Finance,Male,kathmandu,00:14:45,Null
https://www.youtube.com/watch?v=sBGPapcKJAw,Nepali,Null,Finance,Male,kathmandu,00:20:10,Null
https://www.youtube.com/watch?v=Bml84d8BD0g,Nepali,Null,Finance,Male,kathmandu,00:21:30,Null
https://www.youtube.com/watch?v=Fz2KBjjr0GI,Nepali,Null,Finance,Male,kathmandu,00:03:14,Null
https://www.youtube.com/watch?v=VIMqRevDrwM,Nepali,Null,Finance,Male,kathmandu,00:11:29,Null
https://www.youtube.com/watch?v=IUu1nRuKxtY,Nepali,Null,Finance,Male,kathmandu,00:09:37,Null
https://www.youtube.com/watch?v=e2Iv735JLME,Nepali,Null,Finance,Male,kathmandu,00:02:38,Null
https://www.youtube.com/watch?v=Dpp2ewKUD2A,Nepali,Null,Finance,Male,kathmandu,00:09:37,Null
https://www.youtube.com/watch?v=CoKsTOgcxJ0,Nepali,Null,Finance,Male,kathmandu,00:16:17,Null
https://www.youtube.com/watch?v=sQv4PGlPEcM,Nepali,Null,Finance,Male,kathmandu,00:13:18,Null
https://www.youtube.com/watch?v=GugnuoKAc5s,Nepali,Null,Finance,Male,kathmandu,00:11:01,Null
https://www.youtube.com/watch?v=V_2ibJXAHoA,Nepali,Null,Finance,Male,kathmandu,00:11:41,Null
https://www.youtube.com/watch?v=jsIYtqqEFlE,Nepali,Null,Finance,Male,kathmandu,00:09:19,Null
https://www.youtube.com/watch?v=wwZHgaH-teE,Nepali,Null,Finance,Male,kathmandu,00:14:07,Null
https://www.youtube.com/watch?v=elGooPqS0dQ,Nepali,Null,Health,Null,kathmandu,00:17:35,Null
https://www.youtube.com/watch?v=s78hQIcGHCk,Nepali,Null,Health,Null,kathmandu,00:17:36,Null
https://www.youtube.com/watch?v=XJTwGwtjKzA,Nepali,Null,Health,Null,kathmandu,00:14:43,Null
https://www.youtube.com/watch?v=wZ1CbNG-wjM,Nepali,Null,Health,Null,kathmandu,00:11:44,Null
https://www.youtube.com/watch?v=J8Gv0Fe5ZQk,Nepali,Null,Health,Null,kathmandu,00:08:21,Null
https://www.youtube.com/watch?v=-KSr25_8mmg,Nepali,Null,Health,Null,kathmandu,00:09:54,Null
https://www.youtube.com/watch?v=cgE0q1lgOp0,Nepali,Null,Health,Null,kathmandu,00:16:59,Null
https://www.youtube.com/watch?v=7xqgZJJbz7Q,Nepali,Null,Health,Null,kathmandu,00:19:12,Null
https://www.youtube.com/watch?v=6VnikmZkDXU,Nepali,Null,Health,Null,kathmandu,00:10:48,Null
https://www.youtube.com/watch?v=wl1T5QSZByM,Nepali,Null,Health,Null,kathmandu,00:13:30,Null
https://www.youtube.com/watch?v=w4lZtYlcZm4,Nepali,Null,Health,Null,kathmandu,00:13:09,Null
https://www.youtube.com/watch?v=Q8vN-b1e7Sk,Nepali,Null,Health,Null,kathmandu,00:13:13,Null
https://www.youtube.com/watch?v=5ZEn85HLxfA,Nepali,Null,Health,Null,kathmandu,00:12:46,Null
https://www.youtube.com/watch?v=YjtAL1ewPm0,Nepali,Null,Health,Null,kathmandu,00:15:39,Null
https://www.youtube.com/watch?v=DD3bJBccu-Q,Nepali,Null,Health,Null,kathmandu,00:10:29,Null
https://www.youtube.com/watch?v=zd6qdKjxIdk,Nepali,Null,Health,Null,kathmandu,00:15:40,Null
https://www.youtube.com/watch?v=GOQ2nlpXna8,Nepali,Null,Health,Null,kathmandu,00:14:20,Null
https://www.youtube.com/watch?v=ikjuE3VYDrQ,Nepali,Null,Health,Null,kathmandu,00:11:00,Null
https://www.youtube.com/watch?v=M6MZmb3xoH0,Nepali,Null,Health,Null,kathmandu,00:10:41,Null
https://www.youtube.com/watch?v=zMB7b-IRXHU,Nepali,Null,Health,Null,kathmandu,00:15:48,Null
https://www.youtube.com/watch?v=soITBxJblEo,Nepali,Null,Health,Null,kathmandu,00:09:55,Null
https://www.youtube.com/watch?v=APa5D_uUfqE,Nepali,Null,Health,Null,kathmandu,00:12:07,Null
https://www.youtube.com/watch?v=6Fxzn0i4pg8,Nepali,Null,Health,Null,kathmandu,00:12:05,Null
https://www.youtube.com/watch?v=gM5QEIWKP_I,Nepali,Null,Health,Null,kathmandu,00:12:54,Null
https://www.youtube.com/watch?v=RtFm4YQeBFk,Nepali,Null,Health,Null,kathmandu,00:21:16,Null
https://www.youtube.com/watch?v=at32LvoErGk,Nepali,Null,Health,Null,kathmandu,00:14:43,Null
https://www.youtube.com/watch?v=2Ev-_5o4HlE,Nepali,Null,Health,Null,kathmandu,00:13:04,Null
https://www.youtube.com/watch?v=K1Rs6oREGNY,Nepali,Null,Health,Null,kathmandu,00:07:11,Null
https://www.youtube.com/watch?v=RPdpmIpOQRg,Nepali,Null,Health,Null,kathmandu,00:12:21,Null
https://www.youtube.com/watch?v=zMWjEIvqMB8,Nepali,Null,Health,Null,kathmandu,00:10:31,Null
https://www.youtube.com/watch?v=W0zgRC8c210,Nepali,Null,Health,Null,kathmandu,00:18:36,Null
https://www.youtube.com/watch?v=QdxTHL2R4B8,Nepali,Null,Health,Null,kathmandu,00:11:25,Null
https://www.youtube.com/watch?v=6PXRTYdOJpI,Nepali,Null,Health,Null,kathmandu,00:07:25,Null
https://www.youtube.com/watch?v=VqUXNafHB94,Nepali,Null,Health,Null,kathmandu,00:11:17,Null
https://www.youtube.com/watch?v=x6KsGj3U4hQ,Nepali,Null,Health,Null,kathmandu,00:16:17,Null
https://www.youtube.com/watch?v=VErl4sap42Q,Nepali,Null,Health,Null,kathmandu,00:06:56,Null
https://www.youtube.com/watch?v=rzuI2n4NWR0,Nepali,Null,Health,Null,kathmandu,00:09:24,Null
https://www.youtube.com/watch?v=bSD8RQtdFcw,Nepali,Null,Health,Null,kathmandu,00:09:55,Null
https://www.youtube.com/watch?v=3UWc7sdFfkA,Nepali,Null,Health,Null,kathmandu,00:09:22,Null
https://www.youtube.com/watch?v=H7idj3DC70Q,Nepali,Null,Health,Null,kathmandu,00:10:41,Null
https://www.youtube.com/watch?v=hbuaKMZpjqk,Nepali,Null,Health,Null,kathmandu,00:12:27,Null
https://www.youtube.com/watch?v=Yp9NIgyL1Oc,Nepali,Null,Health,Null,kathmandu,00:12:20,Null
https://www.youtube.com/watch?v=XdeXk4ShTPA,Nepali,Null,Health,Null,kathmandu,00:19:12,Null
https://www.youtube.com/watch?v=Bqq-gaU4B0E,Nepali,Null,Health,Null,kathmandu,00:14:11,Null
https://www.youtube.com/watch?v=C4pZwIX3-sM,Nepali,Null,Health,Null,kathmandu,00:11:42,Null
https://www.youtube.com/watch?v=ypLhQUoFAWQ,Nepali,Null,Health,Null,kathmandu,00:14:10,Null
https://www.youtube.com/watch?v=HhD6z9ngWw8,Nepali,Null,Health,Null,kathmandu,00:11:11,Null
https://www.youtube.com/watch?v=yu7YaF8SFjg,Nepali,Null,Health,Null,kathmandu,00:07:59,Null
https://www.youtube.com/watch?v=pvCOoT_QBg8,Nepali,Null,Health,Null,kathmandu,00:16:15,Null
https://www.youtube.com/watch?v=u76pBOhxHb0,Nepali,Null,Health,Null,kathmandu,00:08:38,Null
https://www.youtube.com/watch?v=BGX5Sv6Uyn0,Nepali,Null,Health,Null,kathmandu,00:13:05,Null
https://www.youtube.com/watch?v=8cwkK050y-0,Nepali,Null,Health,Null,kathmandu,00:06:27,Null
https://www.youtube.com/watch?v=RCBMT3NmFZk,Nepali,Null,Health,Null,kathmandu,00:12:13,Null
https://www.youtube.com/watch?v=teGWrX8gji8,Nepali,Null,Health,Null,kathmandu,00:14:07,Null
https://www.youtube.com/watch?v=aCUd1L2amJc,Nepali,Null,Health,Null,kathmandu,00:17:04,Null
https://www.youtube.com/watch?v=P6EEh_o5n3c,Nepali,Null,Health,Null,kathmandu,00:15:42,Null
https://www.youtube.com/watch?v=OiGTrHN0Ns8,Nepali,Null,Health,Null,kathmandu,00:08:04,Null
https://www.youtube.com/watch?v=Z9Xgap0F3x8,Nepali,Null,Health,Null,kathmandu,00:09:10,Null
https://www.youtube.com/watch?v=4rpa8cBrq8k,Nepali,Null,Health,Null,kathmandu,00:12:44,Null
https://www.youtube.com/watch?v=eb-p1rAvmOk,Nepali,Null,Health,Null,kathmandu,00:01:55,Null
https://www.youtube.com/watch?v=66wEUYsdFH8,Nepali,Null,Health,Null,kathmandu,00:09:44,Null
https://www.youtube.com/watch?v=ddO7OWaSHCs,Nepali,Null,Health,Null,kathmandu,00:09:37,Null
https://www.youtube.com/watch?v=V58MZVy5Gn0,Nepali,Null,Health,Null,kathmandu,00:14:01,Null
https://www.youtube.com/watch?v=h2DkkaQL05A,Nepali,Null,Health,Null,kathmandu,00:15:10,Null
https://www.youtube.com/watch?v=T84HkSVFN7w,Nepali,Null,Health,Null,kathmandu,00:10:15,Null
https://www.youtube.com/watch?v=Qe-GTwca5oY,Nepali,Null,Health,Null,kathmandu,00:10:20,Null
https://www.youtube.com/watch?v=0_1FFAMq3Kc,Nepali,Null,Health,Null,kathmandu,00:05:59,Null
https://www.youtube.com/watch?v=Z70Jo1QG4N0,Nepali,Null,Health,Null,kathmandu,00:07:54,Null
https://www.youtube.com/watch?v=U-kDcRodyDY,Nepali,Null,Health,Null,kathmandu,00:06:27,Null
https://www.youtube.com/watch?v=NoLxaAnXrFk,Nepali,Null,Health,Null,kathmandu,00:07:02,Null
https://www.youtube.com/watch?v=dufFsXk3mcY,Nepali,Null,Health,Null,kathmandu,00:14:41,Null
https://www.youtube.com/watch?v=vH2ZHGkigho,Nepali,Null,Health,Null,kathmandu,00:22:45,Null
https://www.youtube.com/watch?v=egZLjEeP6T4,Nepali,Null,Health,Null,kathmandu,00:08:08,Null
https://www.youtube.com/watch?v=-F8kbWKwtbg,Nepali,Null,Health,Null,kathmandu,00:11:31,Null
https://www.youtube.com/watch?v=ssC5SSNZ8Hk,Nepali,Null,Health,Null,kathmandu,00:13:06,Null
https://www.youtube.com/watch?v=9Dp0AjRh3gk,Nepali,Null,Health,Null,kathmandu,00:18:03,Null
https://www.youtube.com/watch?v=Kj0oW2GKxz0,Nepali,Null,Health,Null,kathmandu,00:09:34,Null
https://www.youtube.com/watch?v=4v7s-yx_QzQ,Nepali,Null,Health,Null,kathmandu,00:11:07,Null
https://www.youtube.com/watch?v=9m1pzunIDWE,Nepali,Null,Health,Null,kathmandu,00:12:21,Null
https://www.youtube.com/watch?v=PfO6iaT8X_w,Nepali,Null,Health,Null,kathmandu,00:10:44,Null
https://www.youtube.com/watch?v=anH-uV5Cxo8,Nepali,Null,Health,Null,kathmandu,00:14:02,Null
https://www.youtube.com/watch?v=5NbOFWwRqsg,Nepali,Null,Health,Null,kathmandu,00:03:19,Null
https://www.youtube.com/watch?v=oK_hy1s2EIk,Nepali,Null,Health,Null,kathmandu,00:06:07,Null
https://www.youtube.com/watch?v=yb0ZTdr3mRg,Nepali,Null,Health,Null,kathmandu,00:07:38,Null
https://www.youtube.com/watch?v=3nuCb-P7VKY,Nepali,Null,Health,Null,kathmandu,00:09:09,Null
https://www.youtube.com/watch?v=xVsG9nL-_gY,Nepali,Null,Health,Null,kathmandu,00:08:32,Null
https://www.youtube.com/watch?v=BWBqXrCapy4,Nepali,Null,Health,Null,kathmandu,00:13:25,Null
https://www.youtube.com/watch?v=OwwIyhx9veI,Nepali,Null,Health,Null,kathmandu,00:15:35,Null
https://www.youtube.com/watch?v=GtrNTyHzShc,Nepali,Null,Health,Null,kathmandu,00:20:43,Null
https://www.youtube.com/watch?v=deDuR5YCanQ,Nepali,Null,Health,Null,kathmandu,00:12:39,Null
https://www.youtube.com/watch?v=yghDA7YBsw0,Nepali,Null,Health,Null,kathmandu,00:07:11,Null
https://www.youtube.com/watch?v=BpFfzP3fqWg,Nepali,Null,Health,Null,kathmandu,00:14:02,Null
https://www.youtube.com/watch?v=dFYz-Ch8w5w,Nepali,Null,Health,Null,kathmandu,00:12:20,Null
https://www.youtube.com/watch?v=A_LaAdx22HY,Nepali,Null,Health,Null,kathmandu,00:07:36,Null
https://www.youtube.com/watch?v=SAeJtBtb5l0,Nepali,Null,Health,Null,kathmandu,00:15:33,Null
https://www.youtube.com/watch?v=c1eAEaZkkh0,Nepali,Null,Health,Null,kathmandu,00:12:52,Null
https://www.youtube.com/watch?v=lSCdLdW3_80,Nepali,Null,Health,Null,kathmandu,00:10:31,Null
https://www.youtube.com/watch?v=_Wm3ReNb1vs,Nepali,Null,Health,Null,kathmandu,00:15:54,Null
https://www.youtube.com/watch?v=9mq2ub5k0D0,Nepali,Null,Health,Null,kathmandu,00:21:59,Null
https://www.youtube.com/watch?v=3y4QIG9cung,Nepali,Null,Health,Null,kathmandu,00:12:19,Null
https://www.youtube.com/watch?v=6_o62vjkQu0,Nepali,Null,Health,Null,kathmandu,00:10:31,Null
https://www.youtube.com/watch?v=HnpIxsHz8a0,Nepali,Null,Health,Null,kathmandu,00:14:56,Null
https://www.youtube.com/watch?v=FTSI6Fbm6zw,Nepali,Null,Health,Null,kathmandu,00:19:35,Null
https://www.youtube.com/watch?v=f2gxq6tZJdE,Nepali,Null,Health,Null,kathmandu,00:09:24,Null
https://www.youtube.com/watch?v=1X0ltdLEajo,Nepali,Null,Health,Null,kathmandu,00:11:29,Null
https://www.youtube.com/watch?v=CLP2p-PdYxQ,Nepali,Null,Health,Null,kathmandu,00:13:40,Null
https://www.youtube.com/watch?v=Cq_9d00QBJE,Nepali,Null,Health,Null,kathmandu,00:12:34,Null
https://www.youtube.com/watch?v=4zmvcssgHzk,Nepali,Null,Health,Null,kathmandu,00:11:20,Null
https://www.youtube.com/watch?v=tqsEmvlChhQ,Nepali,Null,Health,Null,kathmandu,00:18:06,Null
https://www.youtube.com/watch?v=J0qsqsRbn0k,Nepali,Null,Health,Null,kathmandu,00:20:23,Null
https://www.youtube.com/watch?v=e1Wtt3BSSY8,Nepali,Null,Health,Null,kathmandu,00:07:03,Null
https://www.youtube.com/watch?v=a34EO-QdlG0,Nepali,Null,Health,Null,kathmandu,00:11:28,Null
https://www.youtube.com/watch?v=lRW5GQ4Fdpg,Nepali,Null,Health,Null,kathmandu,00:13:25,Null
https://www.youtube.com/watch?v=US506IjLs-Y,Nepali,Null,Health,Null,kathmandu,00:08:14,Null
https://www.youtube.com/watch?v=X1MbKQccOHo,Nepali,Null,Health,Null,kathmandu,00:08:55,Null
https://www.youtube.com/watch?v=yL70sJaoapM,Nepali,Null,Health,Null,kathmandu,00:10:52,Null
https://www.youtube.com/watch?v=xtqYKLvyjK0,Nepali,Null,Health,Null,kathmandu,00:15:18,Null
https://www.youtube.com/watch?v=o6AEyjLJ7Ps,Nepali,Null,Health,Null,kathmandu,00:10:49,Null
https://www.youtube.com/watch?v=YoBSGtXfdlY,Nepali,Null,Health,Null,kathmandu,00:12:15,Null
https://www.youtube.com/watch?v=MskoTplL_yo,Nepali,Null,Health,Null,kathmandu,00:16:46,Null
https://www.youtube.com/watch?v=RNVagzY0DLQ,Nepali,Null,Health,Null,kathmandu,00:12:29,Null
https://www.youtube.com/watch?v=_T_qlooLmm8,Nepali,Null,Health,Null,kathmandu,00:13:52,Null
https://www.youtube.com/watch?v=ga7YHjf2CXM,Nepali,Null,Health,Null,kathmandu,00:12:40,Null
https://www.youtube.com/watch?v=kD3YNgBD8DI,Nepali,Null,Health,Null,kathmandu,00:12:57,Null
https://www.youtube.com/watch?v=6mJTtaUWyeA,Nepali,Null,Health,Null,kathmandu,00:13:30,Null
https://www.youtube.com/watch?v=_BMnl1E0e90,Nepali,Null,Health,Null,kathmandu,00:10:24,Null
https://www.youtube.com/watch?v=-dhxsTtaVGw,Nepali,Null,Health,Null,kathmandu,00:25:32,Null
https://www.youtube.com/watch?v=G06woTb_bQY,Nepali,Null,Health,Null,kathmandu,00:15:01,Null
https://www.youtube.com/watch?v=G1CFZ38KDcs,Nepali,Null,Health,Null,kathmandu,00:09:56,Null
https://www.youtube.com/watch?v=y8Z8aIUDiy8,Nepali,Null,Health,Null,kathmandu,00:10:26,Null
https://www.youtube.com/watch?v=3FuWnGQ-0SA,Nepali,Null,Health,Null,kathmandu,00:08:11,Null
https://www.youtube.com/watch?v=xgUWs72ZuVE,Nepali,Null,Health,Null,kathmandu,00:10:28,Null
https://www.youtube.com/watch?v=BVOw8P7gSuM,Nepali,Null,Health,Null,kathmandu,00:15:24,Null
https://www.youtube.com/watch?v=HdD1pJ1wQPA,Nepali,Null,Health,Null,kathmandu,00:12:37,Null
https://www.youtube.com/watch?v=Cw18Ydm7T08,Nepali,Null,Health,Null,kathmandu,00:12:13,Null
https://www.youtube.com/watch?v=AISXmnVst0o,Nepali,Null,Health,Null,kathmandu,00:15:41,Null
https://www.youtube.com/watch?v=8-QyEOMEYf8,Nepali,Null,Health,Null,kathmandu,00:11:36,Null
https://www.youtube.com/watch?v=A9peyOhet_4,Nepali,Null,Health,Null,kathmandu,00:15:00,Null
https://www.youtube.com/watch?v=KrbA7MF8aNo,Nepali,Null,Health,Null,kathmandu,00:09:44,Null
https://www.youtube.com/watch?v=bIGIEZoHno0,Nepali,Null,Health,Null,kathmandu,00:11:13,Null
https://www.youtube.com/watch?v=nMvFWUmhIdo,Nepali,Null,Health,Null,kathmandu,00:07:50,Null
https://www.youtube.com/watch?v=aUMXCzcvqsA,Nepali,Null,Health,Null,kathmandu,00:05:25,Null
https://www.youtube.com/watch?v=sTSoIH8xrig,Nepali,Null,Health,Null,kathmandu,00:07:37,Null
https://www.youtube.com/watch?v=HxyjteIOaEg,Nepali,Null,Health,Null,kathmandu,00:09:20,Null
https://www.youtube.com/watch?v=ZUaPll8pp3M,Nepali,Null,Health,Null,kathmandu,00:18:48,Null
https://www.youtube.com/watch?v=Bs6mVQwSx-g,Nepali,Null,Health,Null,kathmandu,00:10:08,Null
https://www.youtube.com/watch?v=D249j3JTy90,Nepali,Null,Health,Null,kathmandu,00:17:03,Null
https://www.youtube.com/watch?v=mmXyQL5W_fc,Nepali,Null,Health,Null,kathmandu,00:11:38,Null
https://www.youtube.com/watch?v=ik8WJ3YfYv0,Nepali,Null,Health,Null,kathmandu,00:10:02,Null
https://www.youtube.com/watch?v=JFtVIs2bkPg,Nepali,Null,Health,Null,kathmandu,00:23:08,Null
https://www.youtube.com/watch?v=iKr0xs7nHfU,Nepali,Null,Health,Null,kathmandu,00:16:16,Null
https://www.youtube.com/watch?v=Xxf-tKM2l8I,Nepali,Null,Health,Null,kathmandu,00:13:23,Null
https://www.youtube.com/watch?v=v2C7tBpthOM,Nepali,Null,Health,Null,kathmandu,00:12:05,Null
https://www.youtube.com/watch?v=6ybd6PlkYp0,Nepali,Null,Health,Null,kathmandu,00:15:46,Null
https://www.youtube.com/watch?v=8DbDz7EJxrs,Nepali,Null,Health,Null,kathmandu,00:18:06,Null
https://www.youtube.com/watch?v=d6Fm5UWsmbE,Nepali,Null,Health,Null,kathmandu,00:07:43,Null
https://www.youtube.com/watch?v=TvbxedqcnEA,Nepali,Null,Health,Null,kathmandu,00:07:44,Null
https://www.youtube.com/watch?v=3F2oOkoSj3Y,Nepali,Null,Health,Null,kathmandu,00:15:08,Null
https://www.youtube.com/watch?v=xSirpfo1vLY,Nepali,Null,Health,Null,kathmandu,00:07:46,Null
https://www.youtube.com/watch?v=OLFvqHLS09A,Nepali,Null,Health,Null,kathmandu,00:09:35,Null
https://www.youtube.com/watch?v=oX5JzJMNbLw,Nepali,Null,Health,Null,kathmandu,00:13:01,Null
https://www.youtube.com/watch?v=bJcoIg2pHX0,Nepali,Null,Health,Null,kathmandu,00:16:30,Null
https://www.youtube.com/watch?v=loJxZFcQLX8,Nepali,Null,Health,Null,kathmandu,00:18:09,Null
https://www.youtube.com/watch?v=yxwHNDiG5Xg,Nepali,Null,Health,Null,kathmandu,00:04:27,Null
https://www.youtube.com/watch?v=TMaxy6lOUlU,Nepali,Null,Health,Null,kathmandu,00:08:19,Null
https://www.youtube.com/watch?v=ej46qHirUjI,Nepali,Null,Health,Null,kathmandu,00:12:36,Null
https://www.youtube.com/watch?v=4Q_Dg7sUnps,Nepali,Null,Health,Null,kathmandu,00:05:13,Null
https://www.youtube.com/watch?v=QLaf8dcO6dc,Nepali,Null,Health,Null,kathmandu,00:14:15,Null
https://www.youtube.com/watch?v=zXJwhXM-tgE,Nepali,Null,Health,Null,kathmandu,00:09:15,Null
https://www.youtube.com/watch?v=1nPydn5KZDQ,Nepali,Null,Health,Null,kathmandu,00:09:32,Null
https://www.youtube.com/watch?v=8PJ8Xmlszfo,Nepali,Null,Health,Null,kathmandu,00:08:47,Null
https://www.youtube.com/watch?v=Km7_ah5pXAo,Nepali,Null,Health,Null,kathmandu,00:13:47,Null
https://www.youtube.com/watch?v=NVs7TvtNO7g,Nepali,Null,Health,Null,kathmandu,00:08:30,Null
https://www.youtube.com/watch?v=ZGHflG2SnJg,Nepali,Null,Health,Null,kathmandu,00:02:57,Null
https://www.youtube.com/watch?v=4fgdqc5YKTQ,Nepali,Null,Health,Null,kathmandu,00:11:49,Null
https://www.youtube.com/watch?v=wBnBfRcJv5U,Nepali,Null,Health,Null,kathmandu,00:18:40,Null
https://www.youtube.com/watch?v=CqgKL-GdzSg,Nepali,Null,Health,Null,kathmandu,00:06:50,Null
https://www.youtube.com/watch?v=aTybFeTRobw,Nepali,Null,Health,Null,kathmandu,00:14:27,Null
https://www.youtube.com/watch?v=3zesvX2woxY,Nepali,Null,Health,Null,kathmandu,00:03:31,Null
https://www.youtube.com/watch?v=8BxTEHP9Lgc,Nepali,Null,Health,Null,kathmandu,00:15:51,Null
https://www.youtube.com/watch?v=fv75MMGpf_A,Nepali,Null,Health,Null,kathmandu,00:01:55,Null
https://www.youtube.com/watch?v=KO6oE8awa9Y,Nepali,Null,Health,Null,kathmandu,00:02:07,Null
https://www.youtube.com/watch?v=dHqb2v299oM,Nepali,Null,Health,Null,kathmandu,00:07:05,Null
https://www.youtube.com/watch?v=rRhdj1mLV1I,Nepali,Null,Health,Null,kathmandu,00:05:30,Null
https://www.youtube.com/watch?v=GRBPNvken1w,Nepali,Null,Health,Null,kathmandu,00:03:26,Null
https://www.youtube.com/watch?v=LREpCmps35I,Nepali,Null,Health,Null,kathmandu,00:07:34,Null
https://www.youtube.com/watch?v=BLriXlv_vd4,Nepali,Null,Health,Null,kathmandu,00:13:31,Null
https://www.youtube.com/watch?v=e5FDW5Y0kLI,Nepali,Null,Health,Null,kathmandu,00:11:39,Null
https://www.youtube.com/watch?v=XmUhu3ixG4s,Nepali,Null,Health,Null,kathmandu,00:11:56,Null
https://www.youtube.com/watch?v=KFfDrH8NVRg,Nepali,Null,Health,Null,kathmandu,00:13:00,Null
https://www.youtube.com/watch?v=BEDOz2Pn40k,Nepali,Null,Health,Null,kathmandu,00:11:50,Null
https://www.youtube.com/watch?v=uJSbCSwwJi8,Nepali,Null,Health,Null,kathmandu,00:12:25,Null
https://www.youtube.com/watch?v=-RhnSrKRoGI,Nepali,Null,Health,Null,kathmandu,00:12:44,Null
https://www.youtube.com/watch?v=URYCa7dv_cY,Nepali,Null,Health,Null,kathmandu,00:10:17,Null
https://www.youtube.com/watch?v=mxuNLyRjC9Q,Nepali,Null,Health,Null,kathmandu,00:12:51,Null
https://www.youtube.com/watch?v=_yut63PCdAY,Nepali,Null,Health,Null,kathmandu,00:17:30,Null
https://www.youtube.com/watch?v=y8k7T87TCNk,Nepali,Null,Health,Null,kathmandu,00:20:57,Null
https://www.youtube.com/watch?v=BOv8aEQDNhk,Nepali,Null,Health,Null,kathmandu,00:14:45,Null
https://www.youtube.com/watch?v=EfF_ktLGEok,Nepali,Null,Health,Null,kathmandu,00:20:37,Null
https://www.youtube.com/watch?v=5loZYAFLUE4,Nepali,Null,Health,Null,kathmandu,00:19:05,Null
https://www.youtube.com/watch?v=tKYsgH7pibA,Nepali,Null,Health,Null,kathmandu,00:12:16,Null
https://www.youtube.com/watch?v=03W0XCYwGyA,Nepali,Null,Health,Null,kathmandu,00:09:13,Null
https://www.youtube.com/watch?v=JWxxeJ4f-SM,Nepali,Null,Health,Null,kathmandu,00:17:16,Null
https://www.youtube.com/watch?v=zBMS70g0KEY,Nepali,Null,Health,Null,kathmandu,00:08:30,Null
https://www.youtube.com/watch?v=P6KJ7E9xSwY,Nepali,Null,Health,Null,kathmandu,00:17:05,Null
https://www.youtube.com/watch?v=utWwBV5sN8M,Nepali,Null,Health,Null,kathmandu,00:13:57,Null
https://www.youtube.com/watch?v=cKZpRyMCK4U,Nepali,Null,Health,Null,kathmandu,00:10:31,Null
https://www.youtube.com/watch?v=WFxbbSh0-rI,Nepali,Null,Health,Null,kathmandu,00:09:48,Null
https://www.youtube.com/watch?v=hRnksQq6TcQ,Nepali,Null,Health,Null,kathmandu,00:09:22,Null
https://www.youtube.com/watch?v=jroo2dySlJ8,Nepali,Null,Health,Null,kathmandu,00:09:05,Null
https://www.youtube.com/watch?v=S03Djd9RMG0,Nepali,Null,Health,Null,kathmandu,00:14:34,Null
https://www.youtube.com/watch?v=cHb6unbXrwc,Nepali,Null,Health,Null,kathmandu,00:13:24,Null
https://www.youtube.com/watch?v=ym6QVmQ9g7A,Nepali,Null,Health,Null,kathmandu,00:12:39,Null
https://www.youtube.com/watch?v=Xx78sB_IHCA,Nepali,Null,Health,Null,kathmandu,00:11:39,Null
https://www.youtube.com/watch?v=D4HXbZCkdxg,Nepali,Null,Health,Null,kathmandu,00:15:42,Null
https://www.youtube.com/watch?v=FHFMau1n85U,Nepali,Null,Health,Null,kathmandu,00:12:53,Null
https://www.youtube.com/watch?v=BwIZfkyl-2g,Nepali,Null,Health,Null,kathmandu,00:10:22,Null
https://www.youtube.com/watch?v=6_sUFdEalvk,Nepali,Null,Health,Null,kathmandu,00:11:12,Null
https://www.youtube.com/watch?v=O8O0BACUjYE,Nepali,Null,Health,Null,kathmandu,00:15:21,Null
https://www.youtube.com/watch?v=oTfVy83I4pg,Nepali,Null,Health,Null,kathmandu,00:10:20,Null
https://www.youtube.com/watch?v=R6eCROQYKuA,Nepali,Null,Health,Null,kathmandu,00:14:00,Null
https://www.youtube.com/watch?v=YyOQGZATrLg,Nepali,Null,Health,Null,kathmandu,00:11:29,Null
https://www.youtube.com/watch?v=CXH3cuLagmY,Nepali,Null,Health,Null,kathmandu,00:13:55,Null
https://www.youtube.com/watch?v=ak6D5wNui4s,Nepali,Null,Health,Null,kathmandu,00:11:14,Null
https://www.youtube.com/watch?v=52gkrVynf6U,Nepali,Null,Health,Null,kathmandu,00:11:18,Null
https://www.youtube.com/watch?v=w61OU_ljH70,Nepali,Null,Health,Null,kathmandu,00:15:08,Null
https://www.youtube.com/watch?v=9C4AsmVx-5s,Nepali,Null,Health,Null,kathmandu,00:13:39,Null
https://www.youtube.com/watch?v=qS0NnPQDvx0,Nepali,Null,Health,Null,kathmandu,00:07:34,Null
https://www.youtube.com/watch?v=a-DtqvYMS1E,Nepali,Null,Health,Null,kathmandu,00:12:00,Null
https://www.youtube.com/watch?v=gqgDQ8bQaBM,Nepali,Null,Health,Null,kathmandu,00:10:23,Null
https://www.youtube.com/watch?v=d3zzSIClxCI,Nepali,Null,Health,Null,kathmandu,00:09:10,Null
https://www.youtube.com/watch?v=oJqzclvh1MU,Nepali,Null,Health,Null,kathmandu,00:07:10,Null
https://www.youtube.com/watch?v=Y3k_JI3oiDs,Nepali,Null,Health,Null,kathmandu,00:12:01,Null
https://www.youtube.com/watch?v=1c5QrXIeThk,Nepali,Null,Health,Null,kathmandu,00:09:00,Null
https://www.youtube.com/watch?v=muV5OOT8rn4,Nepali,Null,Health,Null,kathmandu,00:12:53,Null
https://www.youtube.com/watch?v=TsTHvHh9sTI,Nepali,Null,Health,Null,kathmandu,00:06:31,Null
https://www.youtube.com/watch?v=7eojDwNqnJw,Nepali,Null,Health,Null,kathmandu,00:12:19,Null
https://www.youtube.com/watch?v=kqn9b8MUe7Q,Nepali,Null,Health,Null,kathmandu,00:10:19,Null
https://www.youtube.com/watch?v=N_av7XA5bco,Nepali,Null,Health,Null,kathmandu,00:06:56,Null
https://www.youtube.com/watch?v=TyIC7B7q9kM,Nepali,Null,Health,Null,kathmandu,00:08:38,Null
https://www.youtube.com/watch?v=rvVpz-OcVDI,Nepali,Null,Health,Null,kathmandu,00:12:17,Null
https://www.youtube.com/watch?v=syn_7maUDUg,Nepali,Null,Health,Null,kathmandu,00:12:15,Null
https://www.youtube.com/watch?v=NcryY9BMlrI,Nepali,Null,Health,Null,kathmandu,00:09:44,Null
https://www.youtube.com/watch?v=GaP-5qhMaHc,Nepali,Null,Health,Null,kathmandu,00:09:40,Null
https://www.youtube.com/watch?v=tu2JRX32fuU,Nepali,Null,Health,Null,kathmandu,00:07:46,Null
https://www.youtube.com/watch?v=xYrVtAQniNk,Nepali,Null,Health,Null,kathmandu,00:10:50,Null
https://www.youtube.com/watch?v=eaFpOOLBtqk,Nepali,Null,Health,Null,kathmandu,00:08:02,Null
https://www.youtube.com/watch?v=Zc1e3H9fPfo,Nepali,Null,Health,Null,kathmandu,00:11:32,Null
https://www.youtube.com/watch?v=Oto2kG84vmw,Nepali,Null,Health,Null,kathmandu,00:08:51,Null
https://www.youtube.com/watch?v=uop_h08xmSo,Nepali,Null,Health,Null,kathmandu,00:18:23,Null
https://www.youtube.com/watch?v=jV_hHoXHGME,Nepali,Null,Health,Null,kathmandu,00:07:53,Null
https://www.youtube.com/watch?v=5Wp6HIG-9sk,Nepali,Null,Health,Null,kathmandu,00:13:08,Null
https://www.youtube.com/watch?v=3mccsTr0blI,Nepali,Null,Health,Null,kathmandu,00:10:04,Null
https://www.youtube.com/watch?v=Rq2iYY5Cd8A,Nepali,Null,Health,Null,kathmandu,00:12:05,Null
https://www.youtube.com/watch?v=gRly-8xV-a0,Nepali,Null,Health,Null,kathmandu,00:08:47,Null
https://www.youtube.com/watch?v=glcgEzvFB_Y,Nepali,Null,Health,Null,kathmandu,00:08:43,Null
https://www.youtube.com/watch?v=_NzaUj8t0cI,Nepali,Null,Health,Null,kathmandu,00:08:59,Null
https://www.youtube.com/watch?v=XtU7brv3v0c,Nepali,Null,Health,Null,kathmandu,00:08:04,Null
https://www.youtube.com/watch?v=z-LJatTOn3s,Nepali,Null,Health,Null,kathmandu,00:14:47,Null
https://www.youtube.com/watch?v=yw-Ia2gs_pw,Nepali,Null,Health,Null,kathmandu,00:09:01,Null
https://www.youtube.com/watch?v=WiE0fcP0C4E,Nepali,Null,Health,Null,kathmandu,00:09:09,Null
https://www.youtube.com/watch?v=oy7RuvLWYMI,Nepali,Null,Health,Null,kathmandu,00:08:08,Null
https://www.youtube.com/watch?v=757FQSCYIoE,Nepali,Null,Health,Null,kathmandu,00:10:39,Null
https://www.youtube.com/watch?v=mINiH54pR7k,Nepali,Null,Health,Null,kathmandu,00:09:41,Null
https://www.youtube.com/watch?v=CDil1VZgP2g,Nepali,Null,Health,Null,kathmandu,00:13:22,Null
https://www.youtube.com/watch?v=GB4TFqGg_XI,Nepali,Null,Health,Null,kathmandu,00:07:33,Null
https://www.youtube.com/watch?v=M7mUVqoUx2U,Nepali,Null,Health,Null,kathmandu,00:09:28,Null
https://www.youtube.com/watch?v=7_kIrw1NASk,Nepali,Null,Health,Null,kathmandu,00:09:55,Null
https://www.youtube.com/watch?v=LpUHD67DQy0,Nepali,Null,Health,Null,kathmandu,00:08:58,Null
https://www.youtube.com/watch?v=kx3XdPsHERA,Nepali,Null,Health,Null,kathmandu,00:14:37,Null
https://www.youtube.com/watch?v=ev5U5H_kreY,Nepali,Null,Health,Null,kathmandu,00:10:23,Null
https://www.youtube.com/watch?v=OEjXqkuqWwI,Nepali,Null,Health,Null,kathmandu,00:08:50,Null
https://www.youtube.com/watch?v=qOwv601nLt4,Nepali,Null,Health,Null,kathmandu,00:08:23,Null
https://www.youtube.com/watch?v=adOLJwVFrEM,Nepali,Null,Health,Null,kathmandu,00:15:32,Null
https://www.youtube.com/watch?v=5lYDnt6c4Gg,Nepali,Null,Health,Null,kathmandu,00:16:42,Null
https://www.youtube.com/watch?v=rlrKCWDheSA,Nepali,Null,Health,Null,kathmandu,00:13:34,Null
https://www.youtube.com/watch?v=y5kEg4ErslI,Nepali,Null,Health,Null,kathmandu,00:08:41,Null
https://www.youtube.com/watch?v=Czbnfitglw0,Nepali,Null,Health,Null,kathmandu,00:09:55,Null
https://www.youtube.com/watch?v=yijaCzXpu08,Nepali,Null,Health,Null,kathmandu,00:12:37,Null
https://www.youtube.com/watch?v=_IL5wizee4Q,Nepali,Null,Health,Null,kathmandu,00:05:27,Null
https://www.youtube.com/watch?v=yye8wRa2aSk,Nepali,Null,Health,Null,kathmandu,00:12:04,Null
https://www.youtube.com/watch?v=BNIsp6JkwwA,Nepali,Null,Health,Null,kathmandu,00:11:51,Null
https://www.youtube.com/watch?v=98M9xsRynVg,Nepali,Null,Health,Null,kathmandu,00:16:13,Null
https://www.youtube.com/watch?v=TJ3j1duq-wY,Nepali,Null,Health,Null,kathmandu,00:06:38,Null
https://www.youtube.com/watch?v=HngsmR6vuuI,Nepali,Null,Health,Null,kathmandu,00:08:53,Null
https://www.youtube.com/watch?v=inEcrJqYziA,Nepali,Null,Health,Null,kathmandu,00:06:58,Null
https://www.youtube.com/watch?v=nbwRCm1Ba1I,Nepali,Null,Health,Null,kathmandu,00:06:22,Null
https://www.youtube.com/watch?v=mCLt4CuX7PI,Nepali,Null,Health,Null,kathmandu,00:08:50,Null
https://www.youtube.com/watch?v=5XtbDElbOsw,Nepali,Null,Health,Null,kathmandu,00:09:27,Null
https://www.youtube.com/watch?v=fwDblSTGs_4,Nepali,Null,Health,Null,kathmandu,00:10:16,Null
https://www.youtube.com/watch?v=SxewAD7FQ98,Nepali,Null,Health,Null,kathmandu,00:07:29,Null
https://www.youtube.com/watch?v=pvofzMiPJIs,Nepali,Null,Health,Null,kathmandu,00:09:29,Null
https://www.youtube.com/watch?v=oJwGfM-BrEQ,Nepali,Null,Health,Null,kathmandu,00:09:52,Null
https://www.youtube.com/watch?v=bdhXrd-BJDY,Nepali,Null,Health,Null,kathmandu,00:09:42,Null
https://www.youtube.com/watch?v=PMsg480F7T4,Nepali,Null,Health,Null,kathmandu,00:09:04,Null
https://www.youtube.com/watch?v=4P5ywyNNI6U,Nepali,Null,Health,Null,kathmandu,00:09:30,Null
https://www.youtube.com/watch?v=m3FPXsIBwQk,Nepali,Null,Health,Null,kathmandu,00:06:39,Null
https://www.youtube.com/watch?v=5ijdHz4Rbqc,Nepali,Null,Health,Null,kathmandu,00:05:59,Null
https://www.youtube.com/watch?v=870cksDl5RE,Nepali,Null,Health,Null,kathmandu,00:08:24,Null
https://www.youtube.com/watch?v=L75gI_YEHdA,Nepali,Null,Health,Null,kathmandu,00:09:33,Null
https://www.youtube.com/watch?v=S6HOEQ3xA2g,Nepali,Null,Health,Null,kathmandu,00:11:24,Null
https://www.youtube.com/watch?v=kiIY_j5OwIg,Nepali,Null,Health,Null,kathmandu,00:02:39,Null
https://www.youtube.com/watch?v=J32yr5xamW8,Nepali,Null,Health,Null,kathmandu,00:08:00,Null
https://www.youtube.com/watch?v=N04GvoWzMfo,Nepali,Null,Health,Null,kathmandu,00:09:12,Null
https://www.youtube.com/watch?v=ChhNar85suM,Nepali,Null,Health,Null,kathmandu,00:06:14,Null
https://www.youtube.com/watch?v=UD09em4iI5c,Nepali,Null,Health,Null,kathmandu,00:08:09,Null
https://www.youtube.com/watch?v=NGww02B6E8Q,Nepali,Null,Health,Null,kathmandu,00:07:57,Null
https://www.youtube.com/watch?v=CE7rJxSbz6c,Nepali,Null,Health,Null,kathmandu,00:07:32,Null
https://www.youtube.com/watch?v=2VfEVHwEQBU,Nepali,Null,Health,Null,kathmandu,00:08:47,Null
https://www.youtube.com/watch?v=q-6-taVW30g,Nepali,Null,Health,Null,kathmandu,00:09:25,Null
https://www.youtube.com/watch?v=IbM_1Veq-uM,Nepali,Null,Health,Null,kathmandu,00:08:53,Null
https://www.youtube.com/watch?v=XaNcRR_y1As,Nepali,Null,Health,Null,kathmandu,00:06:04,Null
https://www.youtube.com/watch?v=9uXPm5BStXE,Nepali,Null,Health,Null,kathmandu,00:09:26,Null
https://www.youtube.com/watch?v=mqRngLOobbU,Nepali,Null,Health,Null,kathmandu,00:09:46,Null
https://www.youtube.com/watch?v=LGv0DwrtLRM,Nepali,Null,Health,Null,kathmandu,00:08:06,Null
https://www.youtube.com/watch?v=G0P25r6YAFo,Nepali,Null,Health,Null,kathmandu,00:11:15,Null
https://www.youtube.com/watch?v=UlCZaie3HqA,Nepali,Null,Health,Null,kathmandu,00:04:05,Null
https://www.youtube.com/watch?v=oMQfCQ50U6w,Nepali,Null,Health,Null,kathmandu,00:06:50,Null
https://www.youtube.com/watch?v=gt-3wQcEExs,Nepali,Null,Health,Null,kathmandu,00:20:12,Null
https://www.youtube.com/watch?v=QB1AvQx6hT4,Nepali,Null,Health,Null,kathmandu,00:10:46,Null
https://www.youtube.com/watch?v=kzjXVs8yDmI,Nepali,Null,Health,Null,kathmandu,00:17:54,Null
https://www.youtube.com/watch?v=T8vhTQ7CUec,Nepali,Null,Health,Null,kathmandu,00:12:12,Null
https://www.youtube.com/watch?v=B4i7_UL4Z7E,Nepali,Null,Health,Null,kathmandu,00:13:46,Null
https://www.youtube.com/watch?v=lOPRAaj_qU8,Nepali,Null,Health,Null,kathmandu,00:08:09,Null
https://www.youtube.com/watch?v=9STkjtWjJZ8,Nepali,Null,Health,Null,kathmandu,00:14:49,Null
https://www.youtube.com/watch?v=oOykYdybhBM,Nepali,Null,Health,Null,kathmandu,00:11:16,Null
https://www.youtube.com/watch?v=PgnIa8C3-Vo,Nepali,Null,Health,Null,kathmandu,00:32:15,Null
https://www.youtube.com/watch?v=CDIQJIdmooE,Nepali,Null,Health,Null,kathmandu,00:35:25,Null
https://www.youtube.com/watch?v=ZTOdCdL9kVY,Nepali,Null,Health,Null,kathmandu,00:14:02,Null
https://www.youtube.com/watch?v=JDmCo38Lrh8,Nepali,Null,Health,Null,kathmandu,00:13:50,Null
https://www.youtube.com/watch?v=J2XnTpYwJiM,Nepali,Null,Health,Null,kathmandu,00:27:27,Null
https://www.youtube.com/watch?v=k6vhSOx5hMY,Nepali,Null,Health,Null,kathmandu,00:36:03,Null
https://www.youtube.com/watch?v=HskOrT7UF2U,Nepali,Null,Health,Null,kathmandu,00:13:24,Null
https://www.youtube.com/watch?v=XNOAAw437AY,Nepali,Null,Health,Null,kathmandu,00:18:30,Null
https://www.youtube.com/watch?v=r6HlGW-39MY,Nepali,Null,Health,Null,kathmandu,00:30:14,Null
https://www.youtube.com/watch?v=_ZlDZ6PDg4I,Nepali,Null,Health,Null,kathmandu,00:14:32,Null
https://www.youtube.com/watch?v=1iwhJP5v2M8,Nepali,Null,Health,Null,kathmandu,00:17:23,Null
https://www.youtube.com/watch?v=ofXspmzOq54,Nepali,Null,Health,Null,kathmandu,00:16:47,Null
https://www.youtube.com/watch?v=Iw71U3sL1RU,Nepali,Null,Health,Null,kathmandu,00:19:19,Null
https://www.youtube.com/watch?v=n7l_SOt6Ang,Nepali,Null,Health,Null,kathmandu,00:13:12,Null
https://www.youtube.com/watch?v=nmO8pvopldM,Nepali,Null,Health,Null,kathmandu,00:13:22,Null
https://www.youtube.com/watch?v=jcNxLLXelP0,Nepali,Null,Health,Null,kathmandu,00:11:41,Null
https://www.youtube.com/watch?v=RwNWNC0Chl0,Nepali,Null,Health,Null,kathmandu,00:09:54,Null
https://www.youtube.com/watch?v=apuAUPCbnto,Nepali,Null,Health,Null,kathmandu,00:20:38,Null
https://www.youtube.com/watch?v=Mu2LIYdUDog,Nepali,Null,Health,Null,kathmandu,00:15:50,Null
https://www.youtube.com/watch?v=x9LbnHE2LQc,Nepali,Null,Health,Null,kathmandu,00:22:54,Null
https://www.youtube.com/watch?v=x0MJadKB5iw,Nepali,Null,Health,Null,kathmandu,00:11:19,Null
https://www.youtube.com/watch?v=sivX1mlQv_w,Nepali,Null,Health,Null,kathmandu,00:10:47,Null
https://www.youtube.com/watch?v=Z2FcBGg9Zto,Nepali,Null,Health,Null,kathmandu,00:19:26,Null
https://www.youtube.com/watch?v=7TA-fyexn0o,Nepali,Null,Health,Null,kathmandu,00:08:47,Null
https://www.youtube.com/watch?v=LWFg4KvM7GA,Nepali,Null,Health,Null,kathmandu,00:12:38,Null
https://www.youtube.com/watch?v=kzvZHGjJH7U,Nepali,Null,Health,Null,kathmandu,00:18:50,Null
https://www.youtube.com/watch?v=B9WcgsRvUEw,Nepali,Null,Health,Null,kathmandu,00:15:42,Null
https://www.youtube.com/watch?v=IvNhWDqwfeI,Nepali,Null,Health,Null,kathmandu,00:11:13,Null
https://www.youtube.com/watch?v=d7KU8nv65pI,Nepali,Null,Health,Null,kathmandu,00:18:26,Null
https://www.youtube.com/watch?v=fJdW8wkxEbg,Nepali,Null,Health,Null,kathmandu,00:21:46,Null
https://www.youtube.com/watch?v=PFjZD7uAiXc,Nepali,Null,Health,Null,kathmandu,00:10:16,Null
https://www.youtube.com/watch?v=KCUzG3Ry1-Y,Nepali,Null,Health,Null,kathmandu,00:19:17,Null
https://www.youtube.com/watch?v=gGiNHsyqf5U,Nepali,Null,Health,Null,kathmandu,00:16:45,Null
https://www.youtube.com/watch?v=CHD59rRrpuU,Nepali,Null,Health,Null,kathmandu,00:13:00,Null
https://www.youtube.com/watch?v=8K_43a2ilHo,Nepali,Null,Health,Null,kathmandu,00:14:54,Null
https://www.youtube.com/watch?v=FPiavZPstEQ,Nepali,Null,Health,Null,kathmandu,00:12:04,Null
https://www.youtube.com/watch?v=Pd1W3riZVcU,Nepali,Null,Health,Null,kathmandu,00:15:49,Null
https://www.youtube.com/watch?v=IFbGtnxojZw,Nepali,Null,Health,Null,kathmandu,00:12:46,Null
https://www.youtube.com/watch?v=gJde4qHW3Q0,Nepali,Null,Health,Null,kathmandu,00:12:43,Null
https://www.youtube.com/watch?v=RgsH5pWp2JI,Nepali,Null,Health,Null,kathmandu,00:18:17,Null
https://www.youtube.com/watch?v=GVSuz2PN9es,Nepali,Null,Health,Null,kathmandu,00:15:43,Null
https://www.youtube.com/watch?v=ydEJp2HH_js,Nepali,Null,Health,Null,kathmandu,00:09:57,Null
https://www.youtube.com/watch?v=m2XsN3AV3Zo,Nepali,Null,Health,Null,kathmandu,00:27:01,Null
https://www.youtube.com/watch?v=eXzHepVXZ-g,Nepali,Null,Health,Null,kathmandu,00:08:50,Null
https://www.youtube.com/watch?v=bayYC2o64LU,Nepali,Null,Health,Null,kathmandu,00:12:16,Null
https://www.youtube.com/watch?v=VXnr3g4yxF4,Nepali,Null,Health,Null,kathmandu,00:11:36,Null
https://www.youtube.com/watch?v=gdQzaj9yNGo,Nepali,Null,Health,Null,kathmandu,00:08:57,Null
https://www.youtube.com/watch?v=kCE60OLROPo,Nepali,Null,Health,Null,kathmandu,00:16:55,Null
https://www.youtube.com/watch?v=kYlRBpQsIwE,Nepali,Null,Health,Null,kathmandu,00:14:44,Null
https://www.youtube.com/watch?v=fUPz7buRSKk,Nepali,Null,Health,Null,kathmandu,00:09:53,Null
https://www.youtube.com/watch?v=NDJsWVc-U7Q,Nepali,Null,Health,Null,kathmandu,00:12:25,Null
https://www.youtube.com/watch?v=v1VC_YFBFCM,Nepali,Null,Health,Null,kathmandu,00:17:47,Null
https://www.youtube.com/watch?v=Zr0GBATH3LQ,Nepali,Null,Health,Null,kathmandu,00:17:53,Null
https://www.youtube.com/watch?v=qDF0828YrSs,Nepali,Null,Health,Null,kathmandu,00:11:51,Null
https://www.youtube.com/watch?v=wEzCwVXgIMo,Nepali,Null,Health,Null,kathmandu,00:13:45,Null
https://www.youtube.com/watch?v=wrh4QA45tW8,Nepali,Null,Health,Null,kathmandu,00:09:49,Null
https://www.youtube.com/watch?v=4tSwRuN4NLU,Nepali,Null,Health,Null,kathmandu,00:15:27,Null
https://www.youtube.com/watch?v=pPZpfwQnXF8,Nepali,Null,Health,Null,kathmandu,00:10:51,Null
https://www.youtube.com/watch?v=uybqwHkka_A,Nepali,Null,Health,Null,kathmandu,00:21:45,Null
https://www.youtube.com/watch?v=l6KWIpTwQDE,Nepali,Null,Health,Null,kathmandu,00:16:24,Null
https://www.youtube.com/watch?v=Gk2q_v-btcE,Nepali,Null,Health,Null,kathmandu,00:13:46,Null
https://www.youtube.com/watch?v=vS5iPHmziR0,Nepali,Null,Health,Null,kathmandu,00:10:22,Null
https://www.youtube.com/watch?v=sE1XdXlrRbE,Nepali,Null,Health,Null,kathmandu,00:11:00,Null
https://www.youtube.com/watch?v=Rm9vGw8nEeE,Nepali,Null,Health,Null,kathmandu,00:09:50,Null
https://www.youtube.com/watch?v=FSBh4bFPgkg,Nepali,Null,Health,Null,kathmandu,00:12:54,Null
https://www.youtube.com/watch?v=PCTmi3_yTdg,Nepali,Null,Health,Null,kathmandu,00:15:19,Null
https://www.youtube.com/watch?v=SYH52OYUOB4,Nepali,Null,Health,Null,kathmandu,00:10:05,Null
https://www.youtube.com/watch?v=FfKAmgVq-og,Nepali,Null,Health,Null,kathmandu,00:13:19,Null
https://www.youtube.com/watch?v=x-ezbk2UPCw,Nepali,Null,Health,Null,kathmandu,00:16:29,Null
https://www.youtube.com/watch?v=eUaYyiWOfS0,Nepali,Null,Health,Null,kathmandu,00:11:48,Null
https://www.youtube.com/watch?v=r4NCrMZNTY0,Nepali,Null,Health,Null,kathmandu,00:12:59,Null
https://www.youtube.com/watch?v=3n30EkKdamo,Nepali,Null,Health,Null,kathmandu,00:21:55,Null
https://www.youtube.com/watch?v=bC5Ha6yLKL8,Nepali,Null,Health,Null,kathmandu,00:10:04,Null
https://www.youtube.com/watch?v=1Vo0EEl-xos,Nepali,Null,Health,Null,kathmandu,00:12:13,Null
https://www.youtube.com/watch?v=aSwlf8cEyfo,Nepali,Null,Health,Null,kathmandu,00:13:03,Null
https://www.youtube.com/watch?v=DZ6E84PL7gU,Nepali,Null,Health,Null,kathmandu,00:11:43,Null
https://www.youtube.com/watch?v=x3PegRcd_Dk,Nepali,Null,Health,Null,kathmandu,00:22:24,Null
https://www.youtube.com/watch?v=KJwKYls6tZU,Nepali,Null,Health,Null,kathmandu,00:11:27,Null
https://www.youtube.com/watch?v=bJbLFON95NU,Nepali,Null,Health,Null,kathmandu,00:19:51,Null
https://www.youtube.com/watch?v=MH15KSuEztY,Nepali,Null,Health,Null,kathmandu,00:10:45,Null
https://www.youtube.com/watch?v=4fK1l5eLANg,Nepali,Null,Health,Null,kathmandu,00:17:51,Null
https://www.youtube.com/watch?v=JtlxVX144Ls,Nepali,Null,Health,Null,kathmandu,00:15:47,Null
https://www.youtube.com/watch?v=eui8xqy5VtI,Nepali,Null,Health,Null,kathmandu,00:11:25,Null
https://www.youtube.com/watch?v=_mYjjXQOey8,Nepali,Null,Health,Null,kathmandu,00:11:16,Null
https://www.youtube.com/watch?v=AIWaAgmky6g,Nepali,Null,Health,Null,kathmandu,00:17:16,Null
https://www.youtube.com/watch?v=K2Fjsa58kO4,Nepali,Null,Health,Null,kathmandu,00:09:26,Null
https://www.youtube.com/watch?v=T3fczQ7ya7o,Nepali,Null,Health,Null,kathmandu,00:13:30,Null
https://www.youtube.com/watch?v=jsY6vAPbeJI,Nepali,Null,Health,Null,kathmandu,00:21:33,Null
https://www.youtube.com/watch?v=k2Au1m9AmBc,Nepali,Null,Health,Null,kathmandu,00:11:11,Null
https://www.youtube.com/watch?v=PodnVhFB4rQ,Nepali,Null,Health,Null,kathmandu,00:22:34,Null
https://www.youtube.com/watch?v=HGPRY_t6ZOo,Nepali,Null,Health,Null,kathmandu,00:13:36,Null
https://www.youtube.com/watch?v=QylycoZP-nM,Nepali,Null,Health,Null,kathmandu,00:22:04,Null
https://www.youtube.com/watch?v=3i7pOa9gwvg,Nepali,Null,Health,Null,kathmandu,00:29:23,Null
https://www.youtube.com/watch?v=NZKdVpHKLQ0,Nepali,Null,Health,Null,kathmandu,00:23:17,Null
https://www.youtube.com/watch?v=SeYtvGeKYvE,Nepali,Null,Health,Null,kathmandu,00:13:07,Null
https://www.youtube.com/watch?v=cA7B7WOMjAM,Nepali,Null,Health,Null,kathmandu,00:19:23,Null
https://www.youtube.com/watch?v=9HT2lQG_zLE,Nepali,Null,Health,Null,kathmandu,00:11:24,Null
https://www.youtube.com/watch?v=RZcrLsN0QgA,Nepali,Null,Health,Null,kathmandu,00:16:49,Null
https://www.youtube.com/watch?v=apjEhtTFbn4,Nepali,Null,Health,Null,kathmandu,00:11:54,Null
https://www.youtube.com/watch?v=sxI6E6_xb7I,Nepali,Null,Health,Null,kathmandu,00:11:07,Null